−	1	BR	2142	1	2194	4	1994	20	1813	0	+28	0	+28	0	+32	+5	+164	+2	+100	0	+84	964	336	315	313	611	157	196	2094	880	0	+28
−	2	DE	2077	1	2223	8	1907	24	1639	0	−32	0	−32	0	+36	0	+24	0	+22	+5	+129	942	410	381	151	549	202	191	2118	1105	0	−32
−	3	ES	2044	1	2165	7	1936	19	1800	0	+12	0	+12	+1	+40	0	+51	−2	−107	+1	+35	682	299	267	116	399	129	154	1356	618	0	+12
−	4	FR	1987	1	2137	17	1772	40	1507	+1	−3	+1	−3	+3	+18	+1	+5	+9	+129	+1	−13	829	427	309	93	402	254	173	1463	1179	+1	−3
−	5	AR	1986	1	2159	5	1983	26	1751	+1	+1	+1	+1	−2	−32	−4	−93	0	−15	−3	−45	1004	353	392	259	537	218	249	1888	1066	+1	+1
−	6	PT	1970	2	2022	19	1780	42	1619	−2	−25	−2	−25	+3	+40	+6	+60	+2	+59	+2	+35	598	279	226	93	286	174	138	998	702	−2	−25
−	7	EN	1948	1	2216	4	1982	17	1790	0	+15	0	+15	+4	+30	+1	−10	−1	−4	+2	+27	1037	451	483	103	606	191	240	2441	1021	0	+15
−	8	BE	1939	4	1959	24	1735	70	1497	0	+11	0	+11	+4	+40	+3	+16	+10	+101	+46	+320	771	375	334	62	323	283	165	1348	1264	0	+11
−	9	CO	1928	3	2035	51	1586	100	1304	0	+1	0	+1	−1	−36	−2	−46	−2	+16	+7	+111	556	163	202	191	216	190	150	698	668	0	+1
−	10	PE	1915	10	1916	35	1668	76	1486	+2	+34	+2	+34	+5	+63	+7	+85	+18	+151	+42	+290	618	237	222	159	201	263	154	779	883	+2	+34
−	11	NL	1908	1	2154	15	1837	49	1550	0	+12	0	+12	+6	+59	−1	−17	−7	−101	−8	−115	804	379	327	98	407	222	175	1662	1045	0	+12
−	12	UY	1894	1	2108	12	1875	44	1635	+1	+27	+1	+27	+6	+51	+2	+11	+5	+50	+7	+88	919	309	394	216	402	295	222	1463	1155	+1	+27
−	13	IT	1891	1	2132	8	1912	21	1605	−3	−15	−3	−15	−7	−79	+2	+15	−4	−19	−7	−91	807	360	291	156	423	162	222	1388	811	−3	−15
−	14	CH	1890	10	1918	27	1676	56	1485	0	+24	0	+24	0	+25	+8	+103	+5	+68	+19	+151	789	381	351	57	277	342	170	1148	1344	0	+24
−	15	CL	1869	2	2041	28	1672	60	1384	0	+9	0	+9	−10	−108	−6	−58	0	+16	+20	+136	765	298	277	190	292	308	165	1095	1101	0	+9
−	16	DK	1856	1	2077	20	1794	61	1536	+2	+14	+2	+14	+18	+117	+17	+111	+17	+135	−2	+19	806	366	362	78	368	275	163	1475	1129	+2	+14
−	17	HR	1853	5	2005	12	1873	26	1781	−1	−3	−1	−3	−1	+2	−1	+9	−6	−14	−7	−64	299	122	127	50	159	60	80	521	287	−1	−3
−	18	MX	1850	4	1986	20	1775	48	1495	−1	−5	−1	+2	−8	−73	−14	−136	−6	−14	−5	−40	888	270	240	378	456	225	207	1604	920	−1	+2
−	19	PL	1829	2	2083	29	1710	58	1525	−1	−13	−1	−13	−6	−44	+5	+48	+31	+178	+10	+69	823	348	372	103	357	262	204	1408	1114	−1	−13
−	20	SE	1795	2	2012	16	1796	46	1577	0	−23	0	−30	−1	−18	+7	+30	−4	−56	−5	−31	1022	445	464	113	500	300	222	2067	1357	0	−30
−	21	IR	1789	18	1836	41	1646	75	1461	+1	−10	+1	−10	+2	−4	+13	+46	+23	+121	+15	+59	586	203	167	216	325	120	141	1098	464	+1	−10
−	22	RS	1777	3	2009	20	1783	47	1515	+1	+8	+1	+8	+11	+36	+15	+51	+19	+83	+15	+49	757	265	369	123	352	241	164	1417	1050	+1	+8
−	22	WA	1777	3	1905	22	1663	84	1403	+2	+14	+2	+14	+4	+5	+20	+89	+35	+170	+26	+123	644	300	320	24	200	303	141	809	1074	+2	+14
−	24	US	1764	9	1891	41	1637	89	1417	+4	+16	+3	+12	+3	−3	−2	−23	0	−33	−2	−32	695	394	227	74	298	248	149	1000	931	+3	+12
−	24	IS	1764	18	1841	81	1409	125	1256	−3	−49	−3	−47	−4	−38	+22	+98	+67	+284	+78	+346	430	187	207	36	134	216	80	517	719	−3	−47
−	26	SK	1752	17	1776	38	1682	67	1578	+2	+4	+3	+4	+1	−15	+9	+19	+39	+174	+27	+129	281	118	130	33	114	101	66	401	360	+3	+4
−	27	UA	1750	15	1846	35	1718	70	1536	+6	+13	+6	+13	+4	−4	−9	−68	−4	−52	+5	+1	249	112	102	35	112	68	69	343	242	+6	+13
−	27	SN	1750	21	1812	58	1579	105	1392	0	−2	0	−2	+10	+41	+17	+69	+55	+230	+31	+154	572	186	219	167	242	169	161	753	566	0	−2
−	29	EC	1747	12	1915	67	1494	117	1184	+1	0	+1	0	−8	−51	−16	−138	−15	−109	+16	+70	506	162	180	164	146	232	128	607	819	+1	0
−	30	BA	1745	20	1807	52	1631	80	1499	+6	+25	+6	+22	+1	−9	−2	−16	−10	−62	+45	+207	201	78	97	26	81	76	44	301	270	+6	+22
−	31	CR	1744	9	1868	34	1695	73	1495	0	−2	0	−2	−1	−14	−10	−44	+1	+18	+20	+116	683	231	245	207	318	203	162	1226	777	0	−2
−	32	AU	1742	11	1880	36	1650	76	1472	+3	+14	+3	+14	+3	+22	+8	+38	−5	−24	+7	+26	537	231	197	109	272	150	115	1084	605	+3	+14
−	32	AT	1742	1	2068	20	1809	74	1550	+8	+32	+9	+32	+9	+47	−7	−36	+20	+100	+27	+149	772	387	342	43	318	286	168	1383	1226	+8	+32
−	34	VE	1739	19	1806	88	1394	126	1212	−2	0	−2	0	+8	+50	+11	+63	+1	+27	+10	+60	397	155	151	91	99	212	86	425	772	−2	0
−	35	MA	1733	18	1823	44	1652	87	1512	+10	+42	+10	+42	+26	+131	+28	+157	+46	+212	+7	+48	609	258	200	151	285	146	178	882	531	+10	+42
−	36	IE	1729	4	1920	22	1621	64	1237	−2	−3	−2	−3	−12	−48	−7	−30	−6	−22	−9	−45	651	331	267	53	232	253	166	872	1058	−2	−3
−	37	PY	1728	5	1954	23	1756	44	1617	−11	−25	−11	−25	−1	+15	+1	+3	+1	+27	−18	−78	711	193	328	190	255	273	183	932	1024	−11	−25
−	37	TR	1728	10	1899	42	1605	73	1381	+2	+16	+2	+16	−15	−66	−18	−75	+11	+71	−19	−84	569	245	257	67	216	220	133	766	827	+2	+16
−	39	RO	1727	5	1946	26	1720	48	1503	+7	+39	+7	+39	+8	+59	−8	−26	−10	−32	−28	−187	706	292	335	79	316	215	175	1156	901	+7	+39
−	40	KR	1714	15	1844	37	1679	79	1446	−15	−46	−1	+2	−11	−47	−20	−84	−9	−35	+6	+43	945	304	231	410	512	201	232	1717	872	−15	−47
−	41	CZ	1713	1	2038	12	1862	46	1670	−3	0	−3	0	−2	+15	−11	−42	−15	−56	−29	−188	787	318	375	94	380	231	176	1458	971	−3	0
−	42	SQ	1709	1	2104	13	1883	64	1600	−6	−11	−5	−11	+1	+23	−3	−2	+9	+59	−11	−46	766	356	366	44	362	236	168	1327	937	−5	−11
−	43	JP	1684	8	1896	62	1476	114	1214	−1	−22	−18	−71	−18	−91	−12	−69	−18	−91	−13	−75	710	279	177	254	330	227	153	1231	857	−1	−22
−	44	NG	1681	16	1828	40	1666	72	1500	0	−15	0	−15	+10	+51	+8	+56	−8	−25	−6	−45	606	212	240	154	276	155	175	903	620	0	−15
−	45	RU	1678	1	2088	22	1740	48	1449	−2	−20	−2	−20	−7	−24	−19	−96	−35	−201	−20	−99	702	257	328	117	363	155	184	1229	692	−2	−20
−	46	EI	1676	14	1850	39	1653	111	1397	+1	+2	+1	+2	−1	−5	+10	+67	+60	+258	+18	+93	532	241	258	33	145	253	134	553	822	+1	+2
−	47	BO	1661	21	1793	59	1499	84	1244	−6	−46	−5	−46	−4	−25	+15	+82	+6	+37	+19	+82	452	163	167	122	103	239	110	471	891	−6	−46
−	48	PA	1659	28	1755	102	1336	142	1152	0	−13	0	−13	+2	+3	−5	−28	−6	−32	+12	+72	478	172	181	125	149	211	118	571	751	0	−13
−	49	TN	1657	24	1761	53	1603	86	1437	+4	+33	+4	+33	+18	+79	+23	+100	+14	+76	+6	+40	645	292	217	136	265	195	185	916	715	+4	+33
−	50	EG	1646	10	1891	34	1672	68	1526	0	−13	0	−13	−2	−20	−2	−7	−5	−19	−34	−171	755	306	248	201	381	194	180	1332	809	0	−13
−	50	GR	1646	7	1931	48	1548	84	1277	−1	−16	−1	−16	−4	−33	+4	+29	−28	−158	−27	−147	566	256	252	58	208	219	139	704	805	−1	−16
−	52	GH	1645	10	1872	42	1658	100	1427	+3	+28	+3	+28	+13	+63	−2	+2	−13	−54	−28	−145	658	206	259	193	324	176	158	1066	669	+3	+28
−	52	CM	1645	14	1852	51	1608	81	1453	−1	−2	−1	−2	−12	−51	+1	+27	+14	+80	−26	−131	560	152	220	188	246	148	166	824	625	−1	−2
−	54	NO	1640	8	1929	38	1611	86	1364	+12	+58	+13	+58	+16	+77	−3	+3	−20	−73	−20	−97	806	382	377	47	289	338	179	1203	1364	+12	+58
−	55	SI	1626	27	1758	55	1616	76	1516	−3	−13	−3	−13	−3	−16	0	+13	+1	+18	+16	+78	232	102	105	25	81	96	55	280	288	−3	−13
−	56	BG	1615	7	1896	37	1637	69	1320	−2	−6	−2	−6	0	+1	+4	+30	−19	−90	−35	−187	681	258	351	72	257	261	163	971	1013	−2	−6
−	57	SY	1606	52	1617	89	1421	122	1261	+2	−3	+2	−3	+11	+34	+24	+92	+27	+91	+25	+88	485	114	182	189	184	180	121	717	619	+2	−3
−	58	FI	1605	14	1747	62	1489	120	1245	+7	+3	+8	+10	+19	+78	+5	+29	−13	−60	−11	−55	736	301	386	49	182	398	156	869	1579	+7	+10
−	59	CI	1602	15	1868	44	1649	75	1497	+4	−3	+4	−3	−10	−55	−23	−127	−39	−205	−20	−114	563	191	199	173	281	136	146	907	569	+4	−3
−	60	UZ	1599	25	1772	60	1592	91	1435	−1	−10	−1	−10	−7	−36	−11	−48	−6	−22	−10	−40	270	90	109	71	126	89	55	474	319	−1	−10
−	61	ME	1597	34	1725	51	1642	72	1559	−5	−17	−5	−17	+2	−1	+10	+38	−14	−61	−18	−86	88	44	42	2	30	33	25	110	110	−5	−17
−	61	BF	1597	56	1621	101	1386	131	1237	+2	−8	+2	−8	−2	−13	+34	+133	+15	+60	+48	+218	390	141	155	94	127	160	103	467	554	+2	−8
−	63	SA	1591	30	1729	77	1490	128	1239	+6	+26	+2	−9	−5	−21	+11	+56	+24	+77	−14	−54	692	278	124	290	339	196	157	1114	746	+4	+17
−	64	HN	1590	23	1790	60	1503	108	1332	−6	−20	−6	−20	0	+3	+12	+65	−15	−65	−23	−114	576	185	186	205	233	192	151	853	731	−6	−20
−	65	CD	1589	19	1789	60	1564	112	1392	−3	−17	−3	−17	−3	−10	0	+16	+29	+122	+30	+129	449	139	190	120	185	146	118	716	559	−3	−17
−	66	HU	1576	1	2230	19	1842	75	1528	−9	−36	−9	−36	−11	−44	−25	−120	−26	−122	−1	−5	925	419	436	70	434	290	201	1888	1385	−9	−36
−	67	JM	1574	38	1703	83	1395	136	1215	+1	+4	+2	+9	+12	+48	+1	+7	+12	+47	+5	+27	603	240	224	139	232	234	137	785	800	+2	+9
−	68	ZA	1565	8	1817	27	1726	97	1452	+4	+25	+3	+25	−17	−80	−10	−36	−5	−16	+16	+48	416	206	142	68	183	120	113	572	449	+4	+25
−	69	AL	1560	32	1643	75	1489	119	1359	−10	−49	−10	−49	−9	−43	−12	−42	+3	+14	+21	+75	324	150	151	23	81	175	68	290	512	−10	−49
−	70	IQ	1550	24	1753	51	1612	98	1452	−4	−32	0	−12	+12	+45	+15	+51	0	−2	−13	−54	643	109	201	333	304	164	175	1050	598	−2	−19
−	71	OM	1539	51	1655	134	1164	180	783	+4	+9	+22	+82	+20	+73	+21	+69	−3	−24	+11	+21	475	196	119	160	171	187	117	615	674	+8	+26
−	72	CA	1534	25	1735	47	1597	90	1488	+5	+10	+4	+10	+4	+4	+8	+12	−5	−30	−16	−77	387	121	175	91	136	157	94	427	522	+4	+10
−	72	CN	1534	21	1755	45	1609	93	1444	−2	−30	−4	−37	+1	−11	−3	−31	−12	−58	+4	+1	640	238	207	195	324	179	137	1242	676	−2	−30
−	74	AE	1532	37	1692	100	1379	162	982	−3	−29	−2	−7	−2	−18	−13	−50	−19	−80	+20	+56	555	232	124	199	215	199	141	768	703	−3	−31
−	75	IL	1527	23	1771	47	1622	78	1426	−1	−8	−1	−8	−6	−38	−9	−43	−32	−145	−47	−236	447	224	175	48	168	175	104	679	632	−1	−8
−	76	BY	1522	44	1667	77	1521	120	1352	+7	+24	+6	+24	−10	−57	−17	−64	−17	−81	−13	−62	221	83	117	21	66	97	58	259	313	+7	+24
−	77	ML	1519	39	1654	70	1522	127	1305	+2	+5	+1	+5	−2	−14	−7	−42	−20	−88	−15	−67	517	171	196	150	206	180	131	679	622	+1	+5
−	78	MK	1518	43	1637	77	1522	110	1402	0	−2	−1	−2	+16	+70	+24	+87	+2	−6	−10	−48	221	103	96	22	61	103	57	246	301	−1	−2
−	79	GT	1511	30	1644	65	1489	108	1385	+2	0	0	0	+2	0	+7	+21	+10	+22	+9	+11	530	179	158	193	186	201	143	733	736	+1	0
−	80	DZ	1508	10	1875	51	1626	108	1392	−7	−30	−7	−30	−24	−106	−33	−151	−12	−55	+24	+92	575	219	210	146	241	181	153	823	613	−7	−30
−	81	NZ	1503	31	1652	62	1503	100	1349	−5	−22	−6	−22	−10	−52	−8	−40	−19	−87	−9	−44	391	124	175	92	159	160	72	678	599	−6	−22
−	82	GE	1497	36	1672	71	1547	104	1436	+3	+13	+2	+13	+8	+27	+5	+9	+2	−18	+5	−7	235	98	114	23	72	114	49	285	334	+3	+13
−	83	HT	1494	41	1653	80	1401	129	1265	+1	−1	0	−1	+6	+21	+7	+16	+18	+58	−4	−32	484	168	168	148	202	176	106	770	669	+1	−1
−	84	EE	1487	31	1542	90	1347	173	1092	−5	−27	−4	−20	+3	+11	+9	+19	+8	+11	+22	+80	448	197	209	42	115	232	101	456	785	−3	−20
−	85	QA	1486	52	1623	98	1387	160	964	+7	+29	+1	+7	−5	−31	−7	−37	+9	+19	−7	−41	558	259	126	173	222	187	149	777	654	+7	+29
−	86	LY	1476	41	1628	78	1484	126	1343	+1	0	+4	+3	+6	+13	+2	−5	−14	−70	+7	−2	379	140	138	101	137	152	90	527	508	+1	0
−	87	SV	1471	31	1610	68	1476	121	1337	+5	+14	+6	+14	+11	+40	+17	+48	−10	−65	+20	+76	580	178	174	228	192	260	128	751	891	+5	+14
−	87	JO	1471	42	1673	117	1289	149	1093	+3	+2	−1	−8	−3	−27	−12	−58	−12	−68	+1	−29	444	164	147	133	148	172	124	528	544	0	−5
−	89	ZW	1469	47	1579	78	1470	128	1324	0	−3	+3	−3	+12	+46	+21	+64	+35	+119	+2	−13	452	173	184	95	186	145	121	635	527	+1	−3
−	90	LB	1459	72	1459	111	1304	165	1166	+2	+2	+3	+2	+22	+76	+24	+87	+33	+108	+35	+149	310	127	99	84	85	139	86	381	496	+2	+2
−	91	KP	1457	10	1844	55	1610	105	1415	+5	+7	+6	+14	−14	−70	−7	−46	−31	−135	−10	−62	383	48	131	204	167	109	107	611	384	+5	+7
−	92	NS	1456	66	1486	84	1463	103	1429	+3	+1	+4	+1	+1	+1	+6	+1	+7	+1	+5	+2	17	5	3	9	9	6	2	30	23	+3	+1
−	93	GN	1455	20	1799	68	1534	129	1306	−5	−18	−3	−18	−19	−84	−17	−70	−9	−60	−24	−102	494	138	207	149	187	162	145	707	608	−4	−18
−	94	AM	1454	62	1590	104	1411	144	1239	−8	−27	−9	−27	−11	−47	−16	−69	−16	−79	+4	+8	205	79	93	33	46	117	42	191	374	−8	−27
−	95	ZM	1445	30	1718	57	1568	106	1414	−13	−57	−14	−57	+9	+28	−1	−22	−21	−100	−21	−97	730	237	299	194	334	202	194	1165	739	−13	−57
−	96	MQ	1439	40	1565	75	1468	126	1331	+3	+13	+3	+13	−10	−47	0	−22	+13	+40	+17	+67	318	116	108	94	148	94	76	603	406	+3	+13
−	96	GA	1439	59	1594	94	1415	124	1304	+7	+25	+7	+25	+1	+7	+3	−9	−8	−67	+6	+21	375	153	127	95	128	139	108	439	440	+8	+25
−	98	CV	1435	67	1558	126	1272	149	1164	0	+7	0	+7	+4	+16	−16	−71	+2	−16	+24	+108	170	55	63	52	59	74	37	172	204	0	+7
−	99	KO	1431	98	1431	111	1384	120	1363	+18	+60	+18	+60	+10	+47	+12	+31	+15	+52	+9	+42	27	8	6	13	9	15	3	33	47	+18	+60
−	100	KW	1430	28	1734	80	1477	137	1182	−3	−3	−11	−45	−12	−45	−9	−45	−29	−119	−4	−26	640	224	152	264	275	197	168	1025	706	−3	−3
−	101	TT	1425	11	1672	58	1508	113	1309	0	+5	0	+5	−5	−20	−35	−145	+6	+12	−17	−92	753	314	306	133	334	261	158	1277	962	0	+5
−	102	KD	1424	99	1424	104	1424	109	1402	−2	0	−2	0	−3	0	+1	0	+2	0	−	−	4	2	0	2	3	0	1	12	3	−2	0
−	103	UG	1419	28	1629	71	1489	131	1310	−12	−42	−15	−57	−18	−73	−20	−85	−20	−97	+7	+43	627	217	216	194	263	198	166	978	770	−12	−42
−	104	BJ	1415	54	1557	110	1349	167	1138	−2	0	−2	0	+2	+19	+5	+6	+15	+55	+8	+41	272	109	119	44	63	147	62	286	514	−1	0
−	105	BH	1414	51	1640	112	1332	151	1084	+2	+12	+4	+18	+7	+31	0	−8	−9	−49	−35	−137	517	167	137	213	173	203	141	623	682	−3	−3
−	106	CY	1403	64	1575	98	1384	133	1254	−2	−7	−2	−7	−3	−15	0	−18	−3	−25	−29	−129	344	196	143	5	66	219	59	303	761	−1	−7
−	106	AZ	1403	64	1552	109	1394	143	1256	+3	+4	+1	+2	−7	−21	+6	+14	+5	+9	+8	+37	245	81	119	45	50	132	63	194	412	+2	+2
−	108	CG	1394	34	1701	76	1496	123	1342	+4	+11	+4	+11	−3	−14	−11	−65	−3	−27	−4	−22	396	156	155	85	152	153	91	581	541	+4	+11
−	109	LT	1393	47	1664	85	1311	150	1051	−4	−14	−4	−14	−15	−55	−9	−51	−12	−69	−42	−176	332	127	164	41	89	178	65	347	602	−3	−14
−	110	TG	1390	54	1607	87	1446	129	1301	+1	+6	+1	+6	−1	+6	−2	−22	−20	−92	−10	−45	420	149	178	93	134	182	104	454	581	+1	+6
−	110	PS	1390	58	1403	121	1239	168	1156	−2	−10	−2	−10	+6	+16	+12	+52	+28	+100	+47	+200	205	14	82	109	53	101	51	271	349	−1	−10
−	112	TH	1383	67	1546	111	1311	140	1131	−7	−24	−7	−24	−5	−2	−11	−52	+16	+63	−11	−41	830	345	168	317	314	328	188	1303	1281	−6	−24
−	113	RE	1381	86	1381	135	1175	160	1057	0	0	0	0	+1	0	0	0	+4	+19	+31	+131	118	49	31	38	49	47	22	207	217	0	0
−	114	SL	1377	65	1556	102	1367	157	1190	0	−2	0	−2	+1	−2	+2	+23	+3	+15	+43	+187	270	103	117	50	80	123	67	253	376	0	−2
−	114	GF	1377	61	1398	120	1250	171	1125	+1	0	+1	0	+6	+23	+32	+122	+31	+130	+38	+160	147	47	50	50	43	75	29	217	263	+1	0
−	116	ZN	1370	89	1370	146	1087	169	938	+2	0	+6	+36	+21	+81	+20	+81	+18	+63	+19	+94	199	25	42	132	37	123	39	167	427	+2	0
−	117	KZ	1369	48	1618	99	1427	130	1308	+4	+29	+4	+29	0	0	−11	−52	+7	+19	0	+12	189	69	82	38	45	100	44	198	319	+4	+29
−	118	NA	1365	104	1402	140	1252	170	1115	−3	−12	−3	−12	+2	+11	+2	+25	+11	+47	+18	+90	223	94	98	31	55	103	65	224	328	−3	−12
−	119	LV	1349	40	1576	77	1419	122	1295	+1	−11	0	−13	−10	−35	−30	−131	−26	−120	−39	−171	375	152	173	50	110	178	87	460	624	+1	−13
−	120	LU	1345	25	1392	107	1241	189	978	+4	+23	+5	+23	+28	+98	+30	+106	+42	+169	+63	+304	386	210	164	12	30	310	46	228	1086	+4	+23
−	121	BW	1340	100	1438	153	1136	190	989	+28	+87	+27	+87	+25	+85	+13	+49	+21	+69	−5	−19	277	132	107	38	74	122	81	228	367	+28	+87
−	122	MG	1339	60	1510	100	1369	167	1164	−3	−29	−4	−29	+8	+30	+26	+91	+44	+175	+17	+71	276	102	101	73	109	109	58	396	419	−3	−29
−	123	CF	1337	75	1435	118	1313	164	1184	+9	+40	+9	+40	+10	+36	+6	+33	+14	+46	+37	+153	110	26	45	39	24	63	23	127	229	+9	+40
−	124	KE	1331	53	1542	87	1373	140	1235	−14	−66	−14	−62	−17	−54	−6	−13	−16	−69	−6	−20	652	245	240	167	240	253	159	902	904	−14	−66
−	125	MD	1329	66	1548	101	1424	129	1325	−2	+1	−1	−3	−6	−26	−8	−24	−13	−62	−39	−177	217	75	109	33	42	122	53	180	352	−2	−3
−	126	GQ	1327	110	1404	157	1134	187	1016	−4	−6	−3	−6	−4	−14	−3	−4	+9	+23	+15	+70	124	56	45	23	29	70	25	105	208	−4	−6
−	127	TZ	1318	76	1473	116	1283	169	1123	+3	+19	+3	+19	0	−7	−4	−13	−17	−79	+3	+25	540	198	202	140	157	233	150	632	820	+3	+19
−	128	BI	1316	88	1458	121	1289	158	1190	−3	0	−8	−25	+1	+2	−7	−23	+3	0	+10	+46	175	43	65	67	56	80	39	193	238	−3	0
−	128	MR	1316	124	1332	159	1080	182	921	+3	+18	+3	+18	−3	−16	+8	+27	+42	+169	+27	+120	217	68	79	70	32	135	50	150	419	+3	+18
−	130	MZ	1315	94	1452	119	1320	152	1212	−4	0	−4	0	−12	−49	−15	−45	−1	−3	−2	+17	315	127	134	54	99	141	75	317	408	−4	0
−	131	LS	1314	127	1314	153	1169	179	1105	+10	+44	+10	+44	+16	+65	+41	+171	+37	+162	+41	+162	256	98	110	48	50	133	73	210	434	+10	+44
−	132	NE	1308	97	1397	132	1238	154	1082	+2	+13	+2	+13	+5	+19	+10	+43	+4	+14	+11	+56	214	84	93	37	47	114	53	207	378	+2	+13
−	133	LR	1307	70	1521	116	1323	151	1215	−5	0	−5	0	−1	0	−10	−24	−11	−49	+13	+61	266	115	117	34	67	136	63	246	408	−5	0
−	134	CU	1298	21	1686	78	1448	141	1108	−7	−11	−7	−11	−4	−11	−7	−14	−32	−135	−43	−184	411	90	168	153	158	153	100	581	557	−7	−11
−	135	FO	1294	59	1301	117	1251	170	1154	+2	+13	+2	+13	+4	+13	+17	+61	+18	+91	+33	+138	204	87	98	19	32	150	22	146	508	+2	+13
−	136	CW	1291	27	1614	94	1381	187	1007	+8	+25	+8	+25	+19	+67	+32	+128	+50	+281	+29	+123	386	120	141	125	147	141	98	658	637	+8	+25
−	137	VN	1285	57	1512	120	1288	176	1092	+3	+14	+3	+14	+5	+17	+10	+32	+14	+66	−3	+8	430	132	100	198	173	171	86	770	675	+3	+14
−	138	RW	1282	96	1465	144	1198	175	1039	−2	0	−2	0	−2	−10	−4	−9	−23	−87	−27	−93	233	76	82	75	74	103	56	244	311	−2	0
−	139	MW	1278	48	1585	113	1326	149	1114	−10	−26	−10	−26	−16	−60	−20	−63	−23	−87	−10	−17	578	266	202	110	196	218	164	703	763	−10	−26
−	139	GW	1278	82	1348	124	1280	160	1186	−4	−15	−4	−15	−4	−15	−1	−9	+11	+56	+8	+36	133	40	40	53	37	67	29	134	205	−4	−15
−	139	NI	1278	63	1339	142	1008	196	896	+3	+11	+3	+11	−11	−38	+5	+16	+37	+161	+45	+259	179	33	68	78	29	134	16	157	523	+3	+11
−	142	ET	1277	40	1642	94	1407	144	1258	−3	0	−3	0	−8	−18	−11	−21	−22	−81	−11	−12	393	180	138	75	144	166	83	564	587	−3	0
−	143	GM	1276	86	1425	116	1311	151	1202	−5	−2	−5	−2	−3	−2	−3	−9	−11	−39	−28	−84	219	90	81	48	54	101	64	219	327	−5	−2
−	144	SW	1265	118	1351	147	1191	181	1081	−11	−31	−11	−31	−18	−62	−13	−33	+33	+153	+20	+95	228	99	96	33	52	110	66	196	385	−11	−31
−	145	DO	1258	140	1272	168	1032	188	913	+5	+8	+4	+8	+16	+42	+13	+40	−2	−12	+36	+207	128	54	45	29	45	65	18	196	232	+5	+8
−	146	TD	1256	108	1320	131	1254	159	1188	0	0	−1	0	−1	0	−1	0	+2	+23	−1	+7	138	33	47	58	29	77	32	132	263	0	0
−	147	AO	1254	51	1627	86	1466	161	1213	+5	+14	+5	+14	+11	+35	−19	−55	−49	−203	−87	−333	356	124	150	82	121	110	125	411	383	+5	+14
−	148	FJ	1247	76	1474	123	1256	162	1075	−3	−10	+9	+28	+14	+35	+1	+2	−8	−33	−8	−19	236	95	50	91	107	87	42	550	383	−3	−10
−	149	SD	1245	23	1716	84	1466	152	1245	+2	0	+2	0	0	0	−16	−48	−23	−102	−29	−101	447	139	166	142	157	182	108	536	598	+2	0
−	150	GP	1243	45	1532	84	1424	150	1243	−8	−24	−8	−24	−7	−24	−9	−37	−37	−142	−52	−203	245	77	77	91	104	96	45	415	355	−8	−24
−	151	KN	1242	77	1389	131	1191	174	1111	−5	−14	−6	−14	−7	−18	−21	−60	+18	+92	+22	+99	193	97	61	35	81	74	38	338	287	−5	−14
−	152	TM	1239	69	1536	111	1379	153	1227	−4	−15	−5	−15	−11	−30	−14	−48	−26	−108	−28	−82	143	33	58	52	57	60	26	233	210	−4	−15
−	153	SR	1238	25	1581	80	1402	172	1154	0	0	0	0	−3	0	+10	+34	0	+35	−4	+9	392	154	167	71	169	133	90	740	571	0	0
−	154	KG	1237	139	1244	160	1179	178	1090	+7	+30	+9	+30	−1	+9	+6	+29	+13	+78	+13	+76	123	25	53	45	34	71	18	118	229	+7	+30
−	155	ID	1231	41	1599	99	1362	166	1096	−1	0	−1	−2	−4	−4	+5	+23	−3	+17	−23	−52	690	204	168	318	262	294	134	1160	1116	−1	−2
−	156	TI	1225	48	1599	93	1419	167	1145	0	+4	0	+4	+1	+4	−5	−10	−10	−11	−1	+29	228	54	69	105	122	72	34	634	347	0	+4
−	156	VU	1225	106	1268	152	1104	190	970	−1	0	+6	+15	+10	+34	+9	+34	+8	+51	−6	−2	183	38	42	103	58	100	25	336	401	−1	0
−	158	YT	1219	149	1228	158	1194	173	1126	−1	0	−1	0	0	0	−1	0	−1	+19	+3	+36	33	2	9	22	10	14	9	46	52	−1	0
−	159	IN	1216	30	1628	111	1322	186	1025	+10	+56	+9	+56	+14	+82	+24	+130	+16	+87	−6	+2	499	141	134	224	185	219	95	722	858	+10	+56
−	160	AG	1208	96	1323	140	1190	179	1060	+2	+3	+4	+3	+4	+3	−7	−24	−16	−61	+10	+55	238	99	85	54	83	108	47	345	383	+2	+3
−	161	NC	1207	54	1545	105	1365	175	1097	−1	−4	−11	−42	−37	−126	−35	−111	−41	−151	−38	−116	248	80	60	108	123	94	31	655	360	−1	−4
−	162	MT	1205	85	1428	116	1328	162	1196	−4	−11	−3	−11	−8	−22	−9	−27	−21	−70	−20	−49	376	202	153	21	46	267	63	227	862	−4	−11
−	163	SB	1200	108	1386	143	1189	177	1046	0	0	−3	−15	+8	+52	+8	+56	−1	+24	−38	−110	178	49	49	80	74	73	31	381	352	0	0
−	164	TJ	1197	74	1503	119	1343	164	1197	−5	−17	−3	−17	−12	−33	−5	−18	−17	−37	−27	−77	137	38	57	42	52	60	25	208	225	−5	−17
−	165	YE	1194	116	1370	141	1219	170	1124	+2	+6	−10	−30	−9	−28	−3	−11	−9	−8	−15	−33	239	53	68	118	55	140	44	246	487	+2	+6
−	166	BM	1190	88	1427	123	1299	176	1088	−2	−6	−1	−6	−3	−21	−11	−39	−6	+2	+4	+37	171	82	62	27	57	79	35	259	278	−2	−6
−	166	GY	1190	15	1512	97	1310	181	1057	−1	0	0	0	−1	−8	−10	−33	−33	−121	−45	−148	308	128	128	52	92	155	61	381	555	−1	0
−	168	PH	1186	48	1280	140	1024	218	678	+2	+27	+1	+27	−10	−33	−25	−77	−19	−43	+39	+383	303	78	93	132	70	192	41	296	863	+2	+27
−	169	HK	1183	57	1517	118	1299	171	1148	−4	−7	−3	−7	−2	−6	−2	0	−10	−7	−15	−19	442	154	130	158	161	196	85	726	753	−4	−7
−	170	BZ	1170	139	1200	160	1103	183	1040	0	+11	−1	+11	0	+11	−4	−16	−5	−1	+6	+78	79	21	27	31	14	48	17	79	165	0	+11
−	171	AF	1154	82	1160	163	893	210	779	+1	+5	+1	+5	−2	−6	−1	+7	+24	+207	+34	+329	115	7	44	64	30	61	24	120	245	+1	+5
−	172	LI	1143	144	1242	163	1133	183	1046	−4	−25	−1	−7	−4	−23	−8	−50	−19	−60	−10	−36	182	84	88	10	14	146	22	77	522	−4	−25
−	173	BB	1135	53	1399	114	1259	178	1092	0	−3	0	−3	−1	−10	0	−1	+1	0	−40	−144	301	141	106	54	95	127	79	380	479	0	−3
−	174	GD	1103	40	1559	91	1405	177	1101	0	−9	0	−9	+1	−11	+2	−17	−16	−95	−26	−132	241	87	91	63	85	98	58	410	423	0	−9
−	175	VC	1102	52	1551	99	1356	180	1081	0	0	0	0	+2	−4	+3	−12	−2	−40	−48	−199	286	100	107	79	102	117	67	454	517	0	0
−	176	LC	1100	61	1352	120	1253	191	983	0	0	0	0	+2	−5	+5	−5	+7	+49	−2	−40	200	68	82	50	66	104	30	289	387	0	0
−	177	GI	1094	167	1152	178	1087	189	1017	+3	+15	+3	+15	+2	+4	+2	−17	−5	−49	−2	−32	40	8	13	19	8	28	4	32	135	+3	+15
−	178	PG	1093	133	1218	162	1089	187	1023	−1	0	−1	0	−4	−24	−4	−36	+4	+28	+4	+47	132	24	34	74	42	67	23	301	293	−1	0
−	179	ST	1080	152	1124	171	1066	186	999	0	−2	0	−2	+1	−2	+1	−29	0	−24	+1	+24	46	19	17	10	7	33	6	35	122	0	−2
−	180	ER	1077	139	1246	161	1169	185	1077	+1	0	+1	0	+2	0	+4	0	−9	−69	−23	−113	75	18	24	33	12	45	18	48	125	+1	0
−	181	MU	1074	32	1628	110	1332	187	998	+1	+6	+1	+6	+4	+15	+4	+10	+3	+47	−18	−100	286	95	129	62	83	141	62	377	476	+1	+6
−	182	MM	1068	34	1686	125	1262	190	990	−5	−25	−5	−25	+2	+7	+4	+5	+6	+63	−16	−98	467	78	110	279	197	183	87	794	734	−5	−25
−	183	SS	1057	171	1156	180	1084	185	1043	+1	0	+1	0	0	−8	−8	−68	−2	−25	−	−	29	6	10	13	4	19	6	19	59	+1	0
−	184	MY	1053	60	1543	118	1293	185	1051	−1	−9	−1	−9	−8	−58	−7	−62	−23	−127	−15	−102	824	332	205	287	304	326	194	1314	1227	−1	−9
−	185	SG	1042	73	1412	129	1238	186	1042	−1	−15	−1	−15	−4	−38	−16	−114	−46	−241	−66	−305	682	273	154	255	206	336	140	906	1240	−1	−15
−	186	AD	1034	169	1123	182	1039	193	953	+2	+22	+2	+22	0	+11	+5	+73	+4	+46	−7	−25	149	56	68	25	6	129	14	42	397	+2	+22
−	187	PR	1029	82	1125	158	929	200	844	0	0	0	0	0	+7	−5	−60	−7	−57	+2	+68	151	55	54	42	26	101	24	139	416	0	0
−	188	KM	1023	171	1047	193	875	206	824	−2	−16	−2	−16	0	+9	+2	+59	+16	+154	+15	+179	67	12	19	36	7	43	17	38	129	−2	−16
−	189	DM	1012	55	1340	123	1217	198	937	0	+7	0	+7	+2	+46	+3	+54	−4	−6	−4	+14	189	54	75	60	42	106	41	218	394	0	+7
−	190	JS	1002	187	1002	189	998	190	992	0	0	0	0	−1	0	−3	0	−	−	−	−	2	0	0	2	1	0	1	4	3	0	0
−	191	EH	996	187	996	189	996	191	996	0	0	0	0	−1	0	−3	0	−2	0	−	−	1	0	1	0	0	1	0	0	6	0	0
−	192	TW	975	15	1764	138	1199	213	756	0	0	0	0	+10	+87	+20	+219	+16	+148	−1	+20	292	73	90	129	84	162	46	412	684	0	0
−	193	SC	963	157	1123	178	992	197	929	+4	+24	+4	+24	−1	+9	−4	−14	−7	−47	−15	−105	131	43	42	46	22	89	20	111	259	+4	+24
−	194	KY	950	153	1145	177	1038	198	931	−1	0	−1	0	−1	0	−1	0	+2	+13	−6	−14	86	40	23	23	15	54	17	88	214	−1	0
−	195	PK	947	66	1461	145	1135	207	782	−1	0	−1	0	−1	0	−1	0	+4	+18	+7	+92	248	54	81	113	57	144	47	243	562	−1	0
−	195	BQ	947	185	1011	191	965	196	947	−1	0	−1	0	−1	0	−1	0	−2	−16	−	−	16	0	4	12	4	9	3	21	54	−1	0
−	197	GL	946	162	1035	183	974	198	946	−1	0	−1	0	−1	0	−1	0	−3	−14	−7	−14	18	2	7	9	3	14	1	20	42	−1	0
−	198	MV	942	169	1141	189	878	208	726	−1	+3	−1	+3	−1	+5	−1	+11	−20	−164	−21	−130	185	49	64	72	51	102	32	238	436	−1	+3
−	199	AW	924	50	1437	109	1262	199	912	0	0	0	0	−1	0	−1	0	−7	−54	−7	−10	136	57	56	23	26	75	35	181	316	0	0
−	200	BS	905	161	943	187	883	204	836	0	0	0	0	−1	0	0	0	−3	−27	+1	+32	43	13	15	15	9	30	4	41	150	0	0
−	201	MC	903	192	909	198	899	202	890	0	0	0	0	−1	0	−2	−6	−1	+8	−3	+13	9	0	1	8	4	2	3	11	15	0	0
−	202	NP	894	161	997	188	879	208	727	0	−6	0	−6	−1	+2	−1	−4	0	+15	−3	+8	222	62	55	105	50	133	39	193	535	0	−6
−	203	SX	868	178	973	193	928	203	866	0	−18	0	−18	0	−18	−1	−18	−5	−62	−10	−62	30	8	11	11	9	17	4	37	69	0	−18
−	204	SM	853	164	1014	190	944	205	853	+1	0	+1	0	+1	−6	−1	−31	−3	−30	−10	−73	150	74	73	3	1	144	5	23	648	+1	0
−	205	SO	846	124	1253	160	1099	207	846	+1	0	+1	0	+1	0	+2	0	−2	−30	−9	−65	116	10	33	73	12	90	14	63	317	+1	0
−	206	MF	842	162	1066	187	985	208	842	−2	−18	−2	−18	−2	−18	0	−18	+1	−7	−20	−135	37	9	14	14	11	22	4	41	102	−2	−18
−	207	GU	833	175	894	203	689	227	533	0	0	0	0	0	0	−2	−38	+5	+102	+17	+264	102	19	30	53	23	68	11	127	519	0	0
−	208	KH	817	95	1378	152	1081	223	672	0	+7	0	+7	+3	+23	+2	+51	+15	+144	+1	+19	251	50	71	130	55	162	34	286	662	0	+7
−	209	BD	808	150	1136	177	1000	210	806	0	+2	0	+2	−1	+2	−5	−72	−19	−180	−14	−112	246	59	67	120	64	129	53	230	471	0	+2
−	210	DJ	791	93	902	171	873	214	751	+1	0	+1	0	+2	0	+4	+38	−1	+3	−4	−17	83	23	28	32	4	75	4	53	331	+1	0
−	211	TV	780	177	819	201	745	216	720	+3	+22	+3	+32	+3	+54	+4	+54	+2	+54	0	+59	26	0	4	22	7	16	3	37	133	+3	+22
−	212	HG	776	208	808	210	802	212	776	−2	−22	−2	−22	−2	−22	−4	−22	−	−	−	−	3	0	0	3	0	2	1	4	10	−2	−22
−	213	LA	768	141	1014	179	923	213	760	−1	−14	−1	−14	−4	−36	−4	−24	−8	−94	−13	−108	192	31	53	108	37	127	28	200	634	−1	−14
−	214	TC	763	204	832	208	780	214	754	−1	−1	−1	−1	−1	−1	−3	−1	−3	−3	−10	−64	20	3	10	7	3	16	1	14	74	−1	−1
−	215	BL	730	215	730	217	695	220	694	+2	+36	+2	+36	+2	+36	+4	+36	+2	+36	−	−	4	3	1	0	2	2	0	9	15	+2	+36
−	216	VI	721	208	740	215	694	222	658	−1	0	−1	0	−1	0	0	0	−2	+14	+2	+49	44	14	23	7	5	33	6	23	212	−1	0
−	217	WF	701	162	734	196	699	219	674	−1	0	−1	0	−1	0	+1	0	−2	0	−1	0	24	0	5	19	5	19	0	23	109	−1	0
−	218	WS	693	181	730	207	652	224	601	0	0	0	0	0	0	+2	0	+2	+11	−3	−9	61	23	10	28	17	40	4	84	229	0	0
−	219	VA	692	211	705	215	699	222	686	0	0	0	0	0	0	+3	+6	−3	−8	−6	−13	5	0	0	5	0	3	2	1	6	0	0
−	220	LK	689	109	1027	173	922	220	688	0	0	0	0	0	0	−7	−65	−14	−165	−34	−288	226	49	68	109	44	145	37	217	594	0	0
−	221	CK	687	169	739	201	683	224	646	0	0	0	0	0	0	0	0	+1	+12	−9	−24	47	4	11	32	11	32	4	44	247	0	0
−	222	PM	677	217	698	221	680	224	677	+1	0	+1	0	+1	0	+1	0	−1	0	−	−	7	0	0	7	0	7	0	2	78	+1	0
−	223	MO	673	90	1123	165	989	229	599	−1	−5	−1	−5	−1	−12	+4	+51	+3	+55	−13	−57	147	48	46	53	22	110	15	131	456	−1	−5
−	224	MN	658	141	897	184	857	225	647	0	+5	0	+5	0	+1	0	−15	−14	−122	−16	−141	59	7	20	32	12	40	7	62	192	0	+5
−	225	TL	633	214	736	223	619	233	525	0	0	0	0	+3	+18	−8	−75	+2	+18	−3	+45	55	5	25	25	6	44	5	52	172	0	0
−	226	MS	632	107	632	187	587	233	511	0	0	0	0	−1	0	−1	0	+3	+48	+2	+110	37	7	15	15	4	30	3	32	170	0	0
−	227	TE	630	171	691	203	672	228	630	0	−1	0	−1	−1	−1	−1	−1	−2	−1	−7	−1	10	0	3	7	0	9	1	8	38	0	−1
−	228	BN	625	162	949	195	801	230	603	0	0	0	0	−1	0	+1	+22	−4	−45	−11	−64	118	15	33	70	17	89	12	92	383	0	0
−	229	VG	608	171	932	200	826	230	608	0	0	0	0	0	0	−1	0	−11	−77	−32	−302	92	28	42	22	16	63	13	77	293	0	0
−	230	NU	594	189	600	215	594	231	594	0	0	0	0	+1	0	0	0	−2	0	−9	0	2	0	0	2	0	2	0	0	33	0	0
−	231	BT	583	183	694	213	603	235	523	0	−9	0	−9	−2	−25	+3	+33	+2	+39	−12	−69	86	13	28	45	7	73	6	52	340	0	−9
−	232	FM	564	218	617	226	575	234	564	0	0	0	0	0	0	−1	0	−2	0	−7	0	8	1	3	4	1	7	0	8	64	0	0
−	233	AI	563	195	593	219	560	234	506	0	0	0	0	+1	0	0	0	−2	0	−7	+8	59	12	28	19	5	51	3	36	241	0	0
−	234	TO	547	179	727	206	678	234	547	0	0	0	−10	−2	−17	−3	−17	−16	−138	−21	−158	59	8	13	38	14	39	6	70	218	0	0
−	235	KI	545	186	599	213	585	235	545	0	0	0	0	0	0	0	0	−3	0	−12	−34	11	0	2	9	0	10	1	7	126	0	0
−	236	AS	464	188	628	219	474	238	336	0	0	0	0	0	0	0	0	0	+82	−6	+109	46	0	13	33	4	41	1	28	304	0	0
−	237	MP	411	213	682	226	549	237	411	0	0	0	0	0	0	0	−51	−3	−39	−10	−132	23	3	8	12	3	19	1	30	102	0	0
−	238	PW	402	196	498	223	437	238	402	0	0	0	0	0	0	0	0	−3	0	−9	0	3	2	0	1	0	3	0	5	33	0	0